"BROKEN","EPIC","FAILED","FEATURE","PASSED","SKIPPED","STORY","UNKNOWN"
"0","","0","Task Creation","2","0","Add task with valid input","0"
"0","","0","Performance","1","0","Handle many tasks","0"
"0","","0","Task Creation","1","0","Add task with long name - validation","0"
"0","","0","Task Management","1","0","Filter completed tasks","0"
"0","","0","Task Management","1","0","Delete a task","0"
"0","","0","Performance","1","0","Page load timing","0"
"0","","0","Task Creation","1","0","Add multiple tasks","0"
"0","","0","Task Management","1","0","Mark task as complete","0"
"0","","0","Task Creation","1","0","Add task with empty input","0"
"0","","0","Task Management","1","0","Edit an existing task","0"
